类别,NDVI范围,像素数,比例(%)
非植被/水体,< 0.2,47848887,81.74699388297874
低植被覆盖,"[0.2, 0.4)",10586784,18.086894411742893
中植被覆盖,"[0.4, 0.6)",97229,0.16610999683750513
高植被覆盖,≥ 0.6,1,1.708440864736911e-06
